product_id,category,week,price,discount_pct,units_sold
P001,Electronics,1,103.05,0.0,35
P001,Electronics,2,103.05,0.0,43
P001,Electronics,3,103.05,0.0,40
P001,Electronics,4,103.05,0.0,57
P001,Electronics,5,97.9,0.05,47
P001,Electronics,6,72.13,0.3,109
P001,Electronics,7,103.05,0.0,44
P001,Electronics,8,103.05,0.0,42
P001,Electronics,9,103.05,0.0,51
P001,Electronics,10,72.13,0.3,115
P001,Electronics,11,77.29,0.25,98
P001,Electronics,12,103.05,0.0,34
P001,Electronics,13,103.05,0.0,42
P001,Electronics,14,103.05,0.0,42
P001,Electronics,15,103.05,0.0,51
P001,Electronics,16,103.05,0.0,40
P001,Electronics,17,72.13,0.3,115
P001,Electronics,18,103.05,0.0,48
P001,Electronics,19,92.75,0.1,45
P001,Electronics,20,103.05,0.0,38
P001,Electronics,21,87.59,0.15,61
P001,Electronics,22,103.05,0.0,39
P001,Electronics,23,103.05,0.0,39
P001,Electronics,24,77.29,0.25,83
P001,Electronics,25,103.05,0.0,42
P001,Electronics,26,77.29,0.25,93
P001,Electronics,27,103.05,0.0,39
P001,Electronics,28,103.05,0.0,39
P001,Electronics,29,103.05,0.0,38
P001,Electronics,30,77.29,0.25,74
P001,Electronics,31,103.05,0.0,31
P001,Electronics,32,103.05,0.0,27
P001,Electronics,33,103.05,0.0,27
P001,Electronics,34,103.05,0.0,38
P001,Electronics,35,97.9,0.05,34
P001,Electronics,36,92.75,0.1,49
P001,Electronics,37,72.13,0.3,86
P001,Electronics,38,103.05,0.0,29
P001,Electronics,39,103.05,0.0,33
P001,Electronics,40,103.05,0.0,32
P001,Electronics,41,92.75,0.1,41
P001,Electronics,42,103.05,0.0,24
P001,Electronics,43,82.44,0.2,63
P001,Electronics,44,82.44,0.2,57
P001,Electronics,45,103.05,0.0,26
P001,Electronics,46,72.13,0.3,107
P001,Electronics,47,103.05,0.0,36
P001,Electronics,48,103.05,0.0,35
P001,Electronics,49,103.05,0.0,33
P001,Electronics,50,103.05,0.0,37
P001,Electronics,51,103.05,0.0,34
P001,Electronics,52,103.05,0.0,38
P001,Electronics,53,103.05,0.0,39
P001,Electronics,54,77.29,0.25,77
P001,Electronics,55,103.05,0.0,48
P001,Electronics,56,103.05,0.0,36
P001,Electronics,57,82.44,0.2,59
P001,Electronics,58,103.05,0.0,40
P001,Electronics,59,97.9,0.05,50
P001,Electronics,60,103.05,0.0,40
P001,Electronics,61,103.05,0.0,31
P001,Electronics,62,103.05,0.0,47
P001,Electronics,63,103.05,0.0,40
P001,Electronics,64,103.05,0.0,38
P001,Electronics,65,103.05,0.0,36
P001,Electronics,66,103.05,0.0,39
P001,Electronics,67,77.29,0.25,76
P001,Electronics,68,103.05,0.0,43
P001,Electronics,69,77.29,0.25,105
P001,Electronics,70,103.05,0.0,42
P001,Electronics,71,103.05,0.0,41
P001,Electronics,72,103.05,0.0,42
P001,Electronics,73,77.29,0.25,99
P001,Electronics,74,103.05,0.0,39
P001,Electronics,75,103.05,0.0,37
P001,Electronics,76,103.05,0.0,41
P001,Electronics,77,103.05,0.0,37
P001,Electronics,78,103.05,0.0,39
P002,Electronics,1,130.42,0.0,34
P002,Electronics,2,97.81,0.25,54
P002,Electronics,3,130.42,0.0,28
P002,Electronics,4,110.86,0.15,44
P002,Electronics,5,110.86,0.15,54
P002,Electronics,6,130.42,0.0,24
P002,Electronics,7,97.81,0.25,64
P002,Electronics,8,130.42,0.0,25
P002,Electronics,9,130.42,0.0,37
P002,Electronics,10,130.42,0.0,30
P002,Electronics,11,130.42,0.0,32
P002,Electronics,12,123.9,0.05,34
P002,Electronics,13,130.42,0.0,32
P002,Electronics,14,110.86,0.15,53
P002,Electronics,15,91.29,0.3,93
P002,Electronics,16,130.42,0.0,27
P002,Electronics,17,130.42,0.0,35
P002,Electronics,18,130.42,0.0,31
P002,Electronics,19,110.86,0.15,48
P002,Electronics,20,130.42,0.0,25
P002,Electronics,21,130.42,0.0,26
P002,Electronics,22,123.9,0.05,32
P002,Electronics,23,130.42,0.0,27
P002,Electronics,24,110.86,0.15,41
P002,Electronics,25,130.42,0.0,28
P002,Electronics,26,130.42,0.0,28
P002,Electronics,27,130.42,0.0,28
P002,Electronics,28,130.42,0.0,20
P002,Electronics,29,117.38,0.1,32
P002,Electronics,30,130.42,0.0,22
P002,Electronics,31,130.42,0.0,30
P002,Electronics,32,130.42,0.0,23
P002,Electronics,33,117.38,0.1,40
P002,Electronics,34,130.42,0.0,23
P002,Electronics,35,91.29,0.3,79
P002,Electronics,36,130.42,0.0,21
P002,Electronics,37,130.42,0.0,22
P002,Electronics,38,91.29,0.3,58
P002,Electronics,39,123.9,0.05,28
P002,Electronics,40,130.42,0.0,21
P002,Electronics,41,130.42,0.0,21
P002,Electronics,42,123.9,0.05,32
P002,Electronics,43,130.42,0.0,21
P002,Electronics,44,110.86,0.15,39
P002,Electronics,45,130.42,0.0,19
P002,Electronics,46,130.42,0.0,23
P002,Electronics,47,130.42,0.0,30
P002,Electronics,48,130.42,0.0,25
P002,Electronics,49,130.42,0.0,25
P002,Electronics,50,130.42,0.0,25
P002,Electronics,51,130.42,0.0,26
P002,Electronics,52,130.42,0.0,23
P002,Electronics,53,97.81,0.25,61
P002,Electronics,54,130.42,0.0,27
P002,Electronics,55,130.42,0.0,29
P002,Electronics,56,130.42,0.0,23
P002,Electronics,57,130.42,0.0,29
P002,Electronics,58,130.42,0.0,32
P002,Electronics,59,130.42,0.0,25
P002,Electronics,60,110.86,0.15,41
P002,Electronics,61,130.42,0.0,28
P002,Electronics,62,130.42,0.0,27
P002,Electronics,63,130.42,0.0,32
P002,Electronics,64,130.42,0.0,36
P002,Electronics,65,130.42,0.0,33
P002,Electronics,66,130.42,0.0,35
P002,Electronics,67,130.42,0.0,29
P002,Electronics,68,130.42,0.0,33
P002,Electronics,69,130.42,0.0,28
P002,Electronics,70,130.42,0.0,33
P002,Electronics,71,130.42,0.0,32
P002,Electronics,72,130.42,0.0,22
P002,Electronics,73,130.42,0.0,28
P002,Electronics,74,130.42,0.0,34
P002,Electronics,75,117.38,0.1,37
P002,Electronics,76,123.9,0.05,30
P002,Electronics,77,104.34,0.2,44
P002,Electronics,78,130.42,0.0,23
P003,Electronics,1,103.25,0.0,47
P003,Electronics,2,103.25,0.0,52
P003,Electronics,3,103.25,0.0,64
P003,Electronics,4,103.25,0.0,68
P003,Electronics,5,103.25,0.0,69
P003,Electronics,6,72.27,0.3,170
P003,Electronics,7,103.25,0.0,67
P003,Electronics,8,103.25,0.0,64
P003,Electronics,9,103.25,0.0,66
P003,Electronics,10,103.25,0.0,53
P003,Electronics,11,103.25,0.0,81
P003,Electronics,12,103.25,0.0,59
P003,Electronics,13,103.25,0.0,51
P003,Electronics,14,103.25,0.0,64
P003,Electronics,15,103.25,0.0,64
P003,Electronics,16,103.25,0.0,56
P003,Electronics,17,72.27,0.3,199
P003,Electronics,18,103.25,0.0,78
P003,Electronics,19,82.6,0.2,143
P003,Electronics,20,103.25,0.0,65
P003,Electronics,21,103.25,0.0,57
P003,Electronics,22,72.27,0.3,192
P003,Electronics,23,92.92,0.1,94
P003,Electronics,24,103.25,0.0,61
P003,Electronics,25,103.25,0.0,59
P003,Electronics,26,103.25,0.0,64
P003,Electronics,27,103.25,0.0,51
P003,Electronics,28,103.25,0.0,44
P003,Electronics,29,103.25,0.0,60
P003,Electronics,30,103.25,0.0,53
P003,Electronics,31,103.25,0.0,58
P003,Electronics,32,103.25,0.0,49
P003,Electronics,33,103.25,0.0,47
P003,Electronics,34,82.6,0.2,98
P003,Electronics,35,103.25,0.0,43
P003,Electronics,36,103.25,0.0,54
P003,Electronics,37,103.25,0.0,56
P003,Electronics,38,103.25,0.0,38
P003,Electronics,39,103.25,0.0,55
P003,Electronics,40,103.25,0.0,44
P003,Electronics,41,82.6,0.2,109
P003,Electronics,42,82.6,0.2,110
P003,Electronics,43,103.25,0.0,43
P003,Electronics,44,103.25,0.0,50
P003,Electronics,45,103.25,0.0,55
P003,Electronics,46,103.25,0.0,48
P003,Electronics,47,103.25,0.0,50
P003,Electronics,48,103.25,0.0,49
P003,Electronics,49,98.09,0.05,63
P003,Electronics,50,103.25,0.0,44
P003,Electronics,51,103.25,0.0,54
P003,Electronics,52,92.92,0.1,79
P003,Electronics,53,103.25,0.0,69
P003,Electronics,54,103.25,0.0,68
P003,Electronics,55,103.25,0.0,51
P003,Electronics,56,103.25,0.0,66
P003,Electronics,57,103.25,0.0,60
P003,Electronics,58,103.25,0.0,56
P003,Electronics,59,103.25,0.0,70
P003,Electronics,60,103.25,0.0,58
P003,Electronics,61,103.25,0.0,67
P003,Electronics,62,103.25,0.0,61
P003,Electronics,63,103.25,0.0,64
P003,Electronics,64,103.25,0.0,77
P003,Electronics,65,103.25,0.0,69
P003,Electronics,66,103.25,0.0,53
P003,Electronics,67,77.44,0.25,149
P003,Electronics,68,103.25,0.0,67
P003,Electronics,69,103.25,0.0,73
P003,Electronics,70,87.76,0.15,90
P003,Electronics,71,103.25,0.0,69
P003,Electronics,72,103.25,0.0,53
P003,Electronics,73,103.25,0.0,67
P003,Electronics,74,103.25,0.0,59
P003,Electronics,75,103.25,0.0,52
P003,Electronics,76,103.25,0.0,59
P003,Electronics,77,103.25,0.0,66
P003,Electronics,78,82.6,0.2,98
P004,Electronics,1,88.28,0.2,115
P004,Electronics,2,110.35,0.0,55
P004,Electronics,3,110.35,0.0,57
P004,Electronics,4,110.35,0.0,69
P004,Electronics,5,110.35,0.0,61
P004,Electronics,6,110.35,0.0,74
P004,Electronics,7,110.35,0.0,59
P004,Electronics,8,88.28,0.2,150
P004,Electronics,9,110.35,0.0,66
P004,Electronics,10,110.35,0.0,55
P004,Electronics,11,110.35,0.0,68
P004,Electronics,12,77.24,0.3,245
P004,Electronics,13,77.24,0.3,230
P004,Electronics,14,110.35,0.0,63
P004,Electronics,15,110.35,0.0,67
P004,Electronics,16,110.35,0.0,60
P004,Electronics,17,110.35,0.0,67
P004,Electronics,18,104.83,0.05,86
P004,Electronics,19,110.35,0.0,78
P004,Electronics,20,77.24,0.3,236
P004,Electronics,21,110.35,0.0,61
P004,Electronics,22,110.35,0.0,46
P004,Electronics,23,110.35,0.0,66
P004,Electronics,24,99.31,0.1,96
P004,Electronics,25,110.35,0.0,59
P004,Electronics,26,104.83,0.05,68
P004,Electronics,27,110.35,0.0,57
P004,Electronics,28,110.35,0.0,54
P004,Electronics,29,110.35,0.0,63
P004,Electronics,30,110.35,0.0,49
P004,Electronics,31,110.35,0.0,55
P004,Electronics,32,110.35,0.0,55
P004,Electronics,33,110.35,0.0,56
P004,Electronics,34,77.24,0.3,179
P004,Electronics,35,110.35,0.0,58
P004,Electronics,36,110.35,0.0,61
P004,Electronics,37,99.31,0.1,87
P004,Electronics,38,110.35,0.0,58
P004,Electronics,39,110.35,0.0,51
P004,Electronics,40,110.35,0.0,58
P004,Electronics,41,110.35,0.0,63
P004,Electronics,42,110.35,0.0,38
P004,Electronics,43,110.35,0.0,43
P004,Electronics,44,110.35,0.0,45
P004,Electronics,45,99.31,0.1,76
P004,Electronics,46,82.76,0.25,161
P004,Electronics,47,104.83,0.05,55
P004,Electronics,48,110.35,0.0,59
P004,Electronics,49,93.8,0.15,95
P004,Electronics,50,110.35,0.0,46
P004,Electronics,51,110.35,0.0,68
P004,Electronics,52,110.35,0.0,52
P004,Electronics,53,110.35,0.0,65
P004,Electronics,54,110.35,0.0,56
P004,Electronics,55,110.35,0.0,73
P004,Electronics,56,99.31,0.1,81
P004,Electronics,57,110.35,0.0,52
P004,Electronics,58,110.35,0.0,56
P004,Electronics,59,110.35,0.0,58
P004,Electronics,60,110.35,0.0,66
P004,Electronics,61,110.35,0.0,58
P004,Electronics,62,110.35,0.0,64
P004,Electronics,63,110.35,0.0,66
P004,Electronics,64,99.31,0.1,85
P004,Electronics,65,110.35,0.0,73
P004,Electronics,66,110.35,0.0,59
P004,Electronics,67,110.35,0.0,65
P004,Electronics,68,99.31,0.1,92
P004,Electronics,69,110.35,0.0,57
P004,Electronics,70,82.76,0.25,158
P004,Electronics,71,110.35,0.0,74
P004,Electronics,72,110.35,0.0,49
P004,Electronics,73,110.35,0.0,63
P004,Electronics,74,88.28,0.2,154
P004,Electronics,75,110.35,0.0,58
P004,Electronics,76,110.35,0.0,81
P004,Electronics,77,110.35,0.0,55
P004,Electronics,78,110.35,0.0,61
P005,Electronics,1,126.75,0.0,18
P005,Electronics,2,126.75,0.0,23
P005,Electronics,3,126.75,0.0,19
P005,Electronics,4,107.74,0.15,37
P005,Electronics,5,126.75,0.0,19
P005,Electronics,6,107.74,0.15,40
P005,Electronics,7,126.75,0.0,25
P005,Electronics,8,126.75,0.0,22
P005,Electronics,9,88.72,0.3,76
P005,Electronics,10,95.06,0.25,61
P005,Electronics,11,101.4,0.2,71
P005,Electronics,12,126.75,0.0,29
P005,Electronics,13,126.75,0.0,28
P005,Electronics,14,126.75,0.0,28
P005,Electronics,15,126.75,0.0,22
P005,Electronics,16,126.75,0.0,24
P005,Electronics,17,126.75,0.0,24
P005,Electronics,18,126.75,0.0,27
P005,Electronics,19,126.75,0.0,18
P005,Electronics,20,126.75,0.0,23
P005,Electronics,21,126.75,0.0,23
P005,Electronics,22,126.75,0.0,20
P005,Electronics,23,126.75,0.0,23
P005,Electronics,24,126.75,0.0,20
P005,Electronics,25,126.75,0.0,24
P005,Electronics,26,95.06,0.25,58
P005,Electronics,27,126.75,0.0,18
P005,Electronics,28,126.75,0.0,24
P005,Electronics,29,126.75,0.0,25
P005,Electronics,30,101.4,0.2,33
P005,Electronics,31,101.4,0.2,51
P005,Electronics,32,126.75,0.0,20
P005,Electronics,33,126.75,0.0,16
P005,Electronics,34,126.75,0.0,21
P005,Electronics,35,126.75,0.0,17
P005,Electronics,36,126.75,0.0,18
P005,Electronics,37,126.75,0.0,21
P005,Electronics,38,126.75,0.0,15
P005,Electronics,39,126.75,0.0,15
P005,Electronics,40,126.75,0.0,19
P005,Electronics,41,126.75,0.0,19
P005,Electronics,42,126.75,0.0,20
P005,Electronics,43,126.75,0.0,17
P005,Electronics,44,126.75,0.0,15
P005,Electronics,45,126.75,0.0,19
P005,Electronics,46,126.75,0.0,17
P005,Electronics,47,126.75,0.0,19
P005,Electronics,48,120.41,0.05,18
P005,Electronics,49,88.72,0.3,97
P005,Electronics,50,126.75,0.0,16
P005,Electronics,51,126.75,0.0,23
P005,Electronics,52,126.75,0.0,22
P005,Electronics,53,126.75,0.0,19
P005,Electronics,54,120.41,0.05,20
P005,Electronics,55,126.75,0.0,20
P005,Electronics,56,126.75,0.0,23
P005,Electronics,57,126.75,0.0,22
P005,Electronics,58,101.4,0.2,46
P005,Electronics,59,126.75,0.0,23
P005,Electronics,60,101.4,0.2,66
P005,Electronics,61,126.75,0.0,19
P005,Electronics,62,126.75,0.0,24
P005,Electronics,63,126.75,0.0,23
P005,Electronics,64,107.74,0.15,49
P005,Electronics,65,126.75,0.0,22
P005,Electronics,66,126.75,0.0,32
P005,Electronics,67,126.75,0.0,20
P005,Electronics,68,126.75,0.0,37
P005,Electronics,69,101.4,0.2,45
P005,Electronics,70,126.75,0.0,22
P005,Electronics,71,126.75,0.0,28
P005,Electronics,72,126.75,0.0,22
P005,Electronics,73,126.75,0.0,21
P005,Electronics,74,95.06,0.25,51
P005,Electronics,75,126.75,0.0,25
P005,Electronics,76,126.75,0.0,17
P005,Electronics,77,107.74,0.15,38
P005,Electronics,78,126.75,0.0,22
P006,Grocery,1,7.11,0.0,132
P006,Grocery,2,6.75,0.05,112
P006,Grocery,3,7.11,0.0,126
P006,Grocery,4,7.11,0.0,126
P006,Grocery,5,7.11,0.0,138
P006,Grocery,6,7.11,0.0,134
P006,Grocery,7,7.11,0.0,148
P006,Grocery,8,7.11,0.0,154
P006,Grocery,9,7.11,0.0,113
P006,Grocery,10,7.11,0.0,141
P006,Grocery,11,7.11,0.0,159
P006,Grocery,12,7.11,0.0,133
P006,Grocery,13,7.11,0.0,146
P006,Grocery,14,7.11,0.0,159
P006,Grocery,15,6.4,0.1,177
P006,Grocery,16,7.11,0.0,129
P006,Grocery,17,7.11,0.0,155
P006,Grocery,18,7.11,0.0,133
P006,Grocery,19,5.33,0.25,177
P006,Grocery,20,7.11,0.0,157
P006,Grocery,21,7.11,0.0,126
P006,Grocery,22,7.11,0.0,159
P006,Grocery,23,7.11,0.0,118
P006,Grocery,24,7.11,0.0,141
P006,Grocery,25,7.11,0.0,118
P006,Grocery,26,7.11,0.0,118
P006,Grocery,27,7.11,0.0,123
P006,Grocery,28,6.75,0.05,110
P006,Grocery,29,7.11,0.0,119
P006,Grocery,30,5.33,0.25,156
P006,Grocery,31,5.69,0.2,107
P006,Grocery,32,7.11,0.0,147
P006,Grocery,33,7.11,0.0,100
P006,Grocery,34,7.11,0.0,105
P006,Grocery,35,7.11,0.0,125
P006,Grocery,36,7.11,0.0,98
P006,Grocery,37,7.11,0.0,109
P006,Grocery,38,7.11,0.0,104
P006,Grocery,39,6.04,0.15,137
P006,Grocery,40,7.11,0.0,124
P006,Grocery,41,7.11,0.0,104
P006,Grocery,42,6.75,0.05,126
P006,Grocery,43,7.11,0.0,115
P006,Grocery,44,4.98,0.3,123
P006,Grocery,45,7.11,0.0,141
P006,Grocery,46,6.4,0.1,124
P006,Grocery,47,7.11,0.0,125
P006,Grocery,48,7.11,0.0,148
P006,Grocery,49,7.11,0.0,125
P006,Grocery,50,7.11,0.0,114
P006,Grocery,51,7.11,0.0,116
P006,Grocery,52,7.11,0.0,121
P006,Grocery,53,7.11,0.0,105
P006,Grocery,54,6.75,0.05,128
P006,Grocery,55,6.04,0.15,146
P006,Grocery,56,7.11,0.0,126
P006,Grocery,57,6.75,0.05,155
P006,Grocery,58,6.75,0.05,157
P006,Grocery,59,7.11,0.0,147
P006,Grocery,60,5.33,0.25,140
P006,Grocery,61,5.33,0.25,199
P006,Grocery,62,7.11,0.0,157
P006,Grocery,63,7.11,0.0,111
P006,Grocery,64,5.69,0.2,176
P006,Grocery,65,7.11,0.0,143
P006,Grocery,66,7.11,0.0,155
P006,Grocery,67,7.11,0.0,164
P006,Grocery,68,6.4,0.1,146
P006,Grocery,69,7.11,0.0,135
P006,Grocery,70,7.11,0.0,132
P006,Grocery,71,7.11,0.0,129
P006,Grocery,72,7.11,0.0,142
P006,Grocery,73,4.98,0.3,186
P006,Grocery,74,7.11,0.0,159
P006,Grocery,75,7.11,0.0,151
P006,Grocery,76,7.11,0.0,124
P006,Grocery,77,7.11,0.0,142
P006,Grocery,78,7.11,0.0,119
P007,Grocery,1,6.29,0.0,107
P007,Grocery,2,6.29,0.0,123
P007,Grocery,3,6.29,0.0,109
P007,Grocery,4,5.03,0.2,127
P007,Grocery,5,4.4,0.3,127
P007,Grocery,6,4.72,0.25,138
P007,Grocery,7,6.29,0.0,115
P007,Grocery,8,6.29,0.0,111
P007,Grocery,9,6.29,0.0,99
P007,Grocery,10,5.35,0.15,151
P007,Grocery,11,6.29,0.0,116
P007,Grocery,12,4.4,0.3,163
P007,Grocery,13,6.29,0.0,137
P007,Grocery,14,6.29,0.0,118
P007,Grocery,15,5.35,0.15,112
P007,Grocery,16,6.29,0.0,116
P007,Grocery,17,6.29,0.0,137
P007,Grocery,18,6.29,0.0,109
P007,Grocery,19,4.4,0.3,147
P007,Grocery,20,4.4,0.3,128
P007,Grocery,21,6.29,0.0,135
P007,Grocery,22,5.66,0.1,118
P007,Grocery,23,6.29,0.0,113
P007,Grocery,24,6.29,0.0,122
P007,Grocery,25,4.4,0.3,115
P007,Grocery,26,6.29,0.0,110
P007,Grocery,27,5.35,0.15,112
P007,Grocery,28,6.29,0.0,89
P007,Grocery,29,5.98,0.05,122
P007,Grocery,30,5.98,0.05,126
P007,Grocery,31,6.29,0.0,96
P007,Grocery,32,6.29,0.0,91
P007,Grocery,33,6.29,0.0,101
P007,Grocery,34,6.29,0.0,93
P007,Grocery,35,6.29,0.0,92
P007,Grocery,36,6.29,0.0,86
P007,Grocery,37,5.03,0.2,108
P007,Grocery,38,5.66,0.1,99
P007,Grocery,39,6.29,0.0,96
P007,Grocery,40,5.03,0.2,93
P007,Grocery,41,6.29,0.0,101
P007,Grocery,42,6.29,0.0,107
P007,Grocery,43,6.29,0.0,108
P007,Grocery,44,4.4,0.3,90
P007,Grocery,45,5.98,0.05,95
P007,Grocery,46,6.29,0.0,100
P007,Grocery,47,6.29,0.0,87
P007,Grocery,48,6.29,0.0,112
P007,Grocery,49,6.29,0.0,111
P007,Grocery,50,6.29,0.0,104
P007,Grocery,51,6.29,0.0,103
P007,Grocery,52,6.29,0.0,98
P007,Grocery,53,5.03,0.2,105
P007,Grocery,54,6.29,0.0,105
P007,Grocery,55,6.29,0.0,109
P007,Grocery,56,4.72,0.25,140
P007,Grocery,57,6.29,0.0,110
P007,Grocery,58,6.29,0.0,119
P007,Grocery,59,6.29,0.0,145
P007,Grocery,60,5.98,0.05,121
P007,Grocery,61,5.66,0.1,134
P007,Grocery,62,6.29,0.0,135
P007,Grocery,63,4.4,0.3,117
P007,Grocery,64,6.29,0.0,129
P007,Grocery,65,6.29,0.0,148
P007,Grocery,66,6.29,0.0,120
P007,Grocery,67,6.29,0.0,144
P007,Grocery,68,5.98,0.05,115
P007,Grocery,69,6.29,0.0,110
P007,Grocery,70,6.29,0.0,108
P007,Grocery,71,6.29,0.0,141
P007,Grocery,72,5.35,0.15,139
P007,Grocery,73,6.29,0.0,152
P007,Grocery,74,6.29,0.0,135
P007,Grocery,75,6.29,0.0,104
P007,Grocery,76,6.29,0.0,116
P007,Grocery,77,6.29,0.0,128
P007,Grocery,78,6.29,0.0,104
P008,Grocery,1,6.9,0.0,295
P008,Grocery,2,6.55,0.05,368
P008,Grocery,3,6.9,0.0,354
P008,Grocery,4,6.9,0.0,267
P008,Grocery,5,4.83,0.3,397
P008,Grocery,6,6.9,0.0,370
P008,Grocery,7,6.9,0.0,323
P008,Grocery,8,6.9,0.0,347
P008,Grocery,9,6.9,0.0,324
P008,Grocery,10,6.9,0.0,380
P008,Grocery,11,6.9,0.0,351
P008,Grocery,12,4.83,0.3,396
P008,Grocery,13,6.9,0.0,363
P008,Grocery,14,6.9,0.0,460
P008,Grocery,15,6.9,0.0,375
P008,Grocery,16,6.9,0.0,378
P008,Grocery,17,6.9,0.0,338
P008,Grocery,18,6.9,0.0,421
P008,Grocery,19,4.83,0.3,442
P008,Grocery,20,6.9,0.0,337
P008,Grocery,21,6.9,0.0,371
P008,Grocery,22,6.9,0.0,290
P008,Grocery,23,6.9,0.0,317
P008,Grocery,24,6.9,0.0,289
P008,Grocery,25,6.9,0.0,302
P008,Grocery,26,6.21,0.1,361
P008,Grocery,27,6.9,0.0,316
P008,Grocery,28,6.9,0.0,285
P008,Grocery,29,5.87,0.15,330
P008,Grocery,30,6.9,0.0,284
P008,Grocery,31,6.9,0.0,300
P008,Grocery,32,6.9,0.0,282
P008,Grocery,33,6.9,0.0,307
P008,Grocery,34,4.83,0.3,345
P008,Grocery,35,6.9,0.0,284
P008,Grocery,36,6.9,0.0,257
P008,Grocery,37,6.9,0.0,262
P008,Grocery,38,6.9,0.0,250
P008,Grocery,39,6.9,0.0,270
P008,Grocery,40,6.9,0.0,237
P008,Grocery,41,6.9,0.0,284
P008,Grocery,42,6.9,0.0,239
P008,Grocery,43,6.9,0.0,378
P008,Grocery,44,6.9,0.0,245
P008,Grocery,45,6.9,0.0,249
P008,Grocery,46,6.9,0.0,309
P008,Grocery,47,6.9,0.0,290
P008,Grocery,48,6.9,0.0,271
P008,Grocery,49,6.9,0.0,326
P008,Grocery,50,5.18,0.25,295
P008,Grocery,51,6.9,0.0,289
P008,Grocery,52,6.9,0.0,376
P008,Grocery,53,6.9,0.0,339
P008,Grocery,54,6.9,0.0,354
P008,Grocery,55,5.52,0.2,432
P008,Grocery,56,6.9,0.0,275
P008,Grocery,57,6.9,0.0,309
P008,Grocery,58,6.21,0.1,385
P008,Grocery,59,6.55,0.05,387
P008,Grocery,60,6.9,0.0,303
P008,Grocery,61,5.87,0.15,422
P008,Grocery,62,6.9,0.0,335
P008,Grocery,63,6.9,0.0,307
P008,Grocery,64,6.9,0.0,374
P008,Grocery,65,6.21,0.1,408
P008,Grocery,66,6.9,0.0,320
P008,Grocery,67,6.9,0.0,392
P008,Grocery,68,6.9,0.0,386
P008,Grocery,69,5.52,0.2,350
P008,Grocery,70,5.52,0.2,340
P008,Grocery,71,6.9,0.0,410
P008,Grocery,72,6.21,0.1,369
P008,Grocery,73,6.9,0.0,387
P008,Grocery,74,6.9,0.0,342
P008,Grocery,75,4.83,0.3,503
P008,Grocery,76,5.18,0.25,431
P008,Grocery,77,6.9,0.0,336
P008,Grocery,78,5.52,0.2,300
P009,Grocery,1,6.19,0.2,310
P009,Grocery,2,7.35,0.05,264
P009,Grocery,3,7.74,0.0,261
P009,Grocery,4,7.74,0.0,229
P009,Grocery,5,7.74,0.0,270
P009,Grocery,6,7.74,0.0,288
P009,Grocery,7,7.74,0.0,312
P009,Grocery,8,7.74,0.0,346
P009,Grocery,9,7.74,0.0,250
P009,Grocery,10,6.19,0.2,275
P009,Grocery,11,6.97,0.1,334
P009,Grocery,12,6.58,0.15,326
P009,Grocery,13,7.74,0.0,346
P009,Grocery,14,7.74,0.0,295
P009,Grocery,15,7.74,0.0,310
P009,Grocery,16,7.74,0.0,330
P009,Grocery,17,7.74,0.0,286
P009,Grocery,18,7.74,0.0,309
P009,Grocery,19,7.74,0.0,287
P009,Grocery,20,7.74,0.0,223
P009,Grocery,21,7.74,0.0,246
P009,Grocery,22,7.74,0.0,280
P009,Grocery,23,7.74,0.0,293
P009,Grocery,24,5.8,0.25,256
P009,Grocery,25,7.74,0.0,278
P009,Grocery,26,6.58,0.15,307
P009,Grocery,27,7.74,0.0,243
P009,Grocery,28,7.74,0.0,294
P009,Grocery,29,7.74,0.0,242
P009,Grocery,30,7.74,0.0,250
P009,Grocery,31,7.74,0.0,264
P009,Grocery,32,7.74,0.0,235
P009,Grocery,33,7.74,0.0,271
P009,Grocery,34,7.74,0.0,248
P009,Grocery,35,7.74,0.0,200
P009,Grocery,36,5.8,0.25,195
P009,Grocery,37,7.74,0.0,211
P009,Grocery,38,5.42,0.3,266
P009,Grocery,39,7.74,0.0,197
P009,Grocery,40,7.74,0.0,245
P009,Grocery,41,7.74,0.0,247
P009,Grocery,42,7.74,0.0,214
P009,Grocery,43,7.74,0.0,198
P009,Grocery,44,7.74,0.0,220
P009,Grocery,45,7.35,0.05,250
P009,Grocery,46,7.74,0.0,232
P009,Grocery,47,7.74,0.0,271
P009,Grocery,48,7.74,0.0,271
P009,Grocery,49,5.8,0.25,256
P009,Grocery,50,7.74,0.0,316
P009,Grocery,51,7.35,0.05,198
P009,Grocery,52,7.74,0.0,272
P009,Grocery,53,5.42,0.3,424
P009,Grocery,54,7.74,0.0,243
P009,Grocery,55,7.74,0.0,242
P009,Grocery,56,7.74,0.0,262
P009,Grocery,57,5.42,0.3,375
P009,Grocery,58,7.74,0.0,259
P009,Grocery,59,7.74,0.0,300
P009,Grocery,60,6.19,0.2,335
P009,Grocery,61,5.8,0.25,292
P009,Grocery,62,7.74,0.0,276
P009,Grocery,63,7.35,0.05,337
P009,Grocery,64,7.74,0.0,312
P009,Grocery,65,7.74,0.0,268
P009,Grocery,66,7.74,0.0,318
P009,Grocery,67,6.58,0.15,295
P009,Grocery,68,7.74,0.0,268
P009,Grocery,69,7.74,0.0,343
P009,Grocery,70,7.74,0.0,254
P009,Grocery,71,6.97,0.1,239
P009,Grocery,72,7.35,0.05,327
P009,Grocery,73,7.74,0.0,277
P009,Grocery,74,7.74,0.0,299
P009,Grocery,75,5.8,0.25,375
P009,Grocery,76,7.74,0.0,235
P009,Grocery,77,7.74,0.0,251
P009,Grocery,78,7.74,0.0,256
P010,Grocery,1,6.93,0.0,246
P010,Grocery,2,6.93,0.0,269
P010,Grocery,3,4.85,0.3,259
P010,Grocery,4,6.93,0.0,233
P010,Grocery,5,6.93,0.0,358
P010,Grocery,6,4.85,0.3,347
P010,Grocery,7,6.93,0.0,290
P010,Grocery,8,6.93,0.0,322
P010,Grocery,9,6.93,0.0,383
P010,Grocery,10,6.93,0.0,317
P010,Grocery,11,6.93,0.0,296
P010,Grocery,12,6.93,0.0,333
P010,Grocery,13,6.93,0.0,258
P010,Grocery,14,5.54,0.2,351
P010,Grocery,15,6.93,0.0,322
P010,Grocery,16,6.93,0.0,358
P010,Grocery,17,6.93,0.0,298
P010,Grocery,18,6.93,0.0,239
P010,Grocery,19,5.89,0.15,300
P010,Grocery,20,6.58,0.05,300
P010,Grocery,21,6.93,0.0,293
P010,Grocery,22,6.93,0.0,304
P010,Grocery,23,6.93,0.0,265
P010,Grocery,24,6.93,0.0,263
P010,Grocery,25,5.89,0.15,346
P010,Grocery,26,6.24,0.1,259
P010,Grocery,27,6.93,0.0,230
P010,Grocery,28,6.93,0.0,257
P010,Grocery,29,5.54,0.2,202
P010,Grocery,30,5.89,0.15,263
P010,Grocery,31,5.89,0.15,204
P010,Grocery,32,6.93,0.0,245
P010,Grocery,33,6.93,0.0,191
P010,Grocery,34,6.93,0.0,224
P010,Grocery,35,6.93,0.0,227
P010,Grocery,36,6.93,0.0,189
P010,Grocery,37,6.93,0.0,214
P010,Grocery,38,6.93,0.0,221
P010,Grocery,39,5.2,0.25,218
P010,Grocery,40,6.93,0.0,239
P010,Grocery,41,6.93,0.0,217
P010,Grocery,42,5.89,0.15,233
P010,Grocery,43,6.93,0.0,198
P010,Grocery,44,6.93,0.0,295
P010,Grocery,45,5.2,0.25,252
P010,Grocery,46,4.85,0.3,274
P010,Grocery,47,6.93,0.0,210
P010,Grocery,48,6.93,0.0,248
P010,Grocery,49,6.93,0.0,228
P010,Grocery,50,5.2,0.25,321
P010,Grocery,51,6.93,0.0,247
P010,Grocery,52,6.93,0.0,288
P010,Grocery,53,6.93,0.0,258
P010,Grocery,54,6.93,0.0,244
P010,Grocery,55,6.93,0.0,235
P010,Grocery,56,6.93,0.0,207
P010,Grocery,57,6.93,0.0,276
P010,Grocery,58,5.54,0.2,260
P010,Grocery,59,6.93,0.0,244
P010,Grocery,60,6.93,0.0,227
P010,Grocery,61,6.58,0.05,286
P010,Grocery,62,6.93,0.0,291
P010,Grocery,63,6.93,0.0,316
P010,Grocery,64,6.93,0.0,289
P010,Grocery,65,4.85,0.3,355
P010,Grocery,66,6.93,0.0,312
P010,Grocery,67,4.85,0.3,363
P010,Grocery,68,6.93,0.0,351
P010,Grocery,69,6.93,0.0,341
P010,Grocery,70,6.93,0.0,258
P010,Grocery,71,6.93,0.0,202
P010,Grocery,72,6.93,0.0,253
P010,Grocery,73,6.93,0.0,332
P010,Grocery,74,6.93,0.0,278
P010,Grocery,75,6.93,0.0,255
P010,Grocery,76,6.93,0.0,225
P010,Grocery,77,6.93,0.0,271
P010,Grocery,78,6.93,0.0,309
P011,Apparel,1,38.97,0.0,158
P011,Apparel,2,38.97,0.0,231
P011,Apparel,3,38.97,0.0,170
P011,Apparel,4,38.97,0.0,153
P011,Apparel,5,38.97,0.0,143
P011,Apparel,6,38.97,0.0,169
P011,Apparel,7,38.97,0.0,167
P011,Apparel,8,38.97,0.0,181
P011,Apparel,9,38.97,0.0,174
P011,Apparel,10,37.02,0.05,248
P011,Apparel,11,38.97,0.0,194
P011,Apparel,12,38.97,0.0,179
P011,Apparel,13,38.97,0.0,185
P011,Apparel,14,38.97,0.0,203
P011,Apparel,15,38.97,0.0,196
P011,Apparel,16,38.97,0.0,188
P011,Apparel,17,38.97,0.0,200
P011,Apparel,18,38.97,0.0,236
P011,Apparel,19,38.97,0.0,220
P011,Apparel,20,38.97,0.0,201
P011,Apparel,21,35.07,0.1,251
P011,Apparel,22,38.97,0.0,189
P011,Apparel,23,38.97,0.0,232
P011,Apparel,24,38.97,0.0,165
P011,Apparel,25,33.12,0.15,201
P011,Apparel,26,38.97,0.0,205
P011,Apparel,27,29.23,0.25,248
P011,Apparel,28,38.97,0.0,206
P011,Apparel,29,35.07,0.1,155
P011,Apparel,30,38.97,0.0,183
P011,Apparel,31,31.18,0.2,213
P011,Apparel,32,38.97,0.0,147
P011,Apparel,33,38.97,0.0,155
P011,Apparel,34,38.97,0.0,159
P011,Apparel,35,38.97,0.0,168
P011,Apparel,36,38.97,0.0,144
P011,Apparel,37,38.97,0.0,117
P011,Apparel,38,29.23,0.25,201
P011,Apparel,39,38.97,0.0,152
P011,Apparel,40,31.18,0.2,204
P011,Apparel,41,38.97,0.0,148
P011,Apparel,42,38.97,0.0,146
P011,Apparel,43,38.97,0.0,145
P011,Apparel,44,38.97,0.0,141
P011,Apparel,45,38.97,0.0,137
P011,Apparel,46,38.97,0.0,166
P011,Apparel,47,38.97,0.0,207
P011,Apparel,48,38.97,0.0,192
P011,Apparel,49,38.97,0.0,181
P011,Apparel,50,38.97,0.0,164
P011,Apparel,51,38.97,0.0,154
P011,Apparel,52,38.97,0.0,195
P011,Apparel,53,38.97,0.0,163
P011,Apparel,54,38.97,0.0,188
P011,Apparel,55,38.97,0.0,197
P011,Apparel,56,38.97,0.0,212
P011,Apparel,57,38.97,0.0,189
P011,Apparel,58,38.97,0.0,157
P011,Apparel,59,38.97,0.0,180
P011,Apparel,60,38.97,0.0,206
P011,Apparel,61,38.97,0.0,138
P011,Apparel,62,38.97,0.0,218
P011,Apparel,63,38.97,0.0,236
P011,Apparel,64,38.97,0.0,180
P011,Apparel,65,38.97,0.0,203
P011,Apparel,66,38.97,0.0,167
P011,Apparel,67,38.97,0.0,173
P011,Apparel,68,38.97,0.0,195
P011,Apparel,69,38.97,0.0,236
P011,Apparel,70,38.97,0.0,228
P011,Apparel,71,29.23,0.25,292
P011,Apparel,72,38.97,0.0,211
P011,Apparel,73,35.07,0.1,210
P011,Apparel,74,38.97,0.0,164
P011,Apparel,75,38.97,0.0,197
P011,Apparel,76,38.97,0.0,186
P011,Apparel,77,38.97,0.0,151
P011,Apparel,78,38.97,0.0,165
P012,Apparel,1,35.63,0.15,236
P012,Apparel,2,41.92,0.0,143
P012,Apparel,3,35.63,0.15,215
P012,Apparel,4,39.82,0.05,167
P012,Apparel,5,41.92,0.0,164
P012,Apparel,6,37.73,0.1,220
P012,Apparel,7,41.92,0.0,221
P012,Apparel,8,41.92,0.0,185
P012,Apparel,9,41.92,0.0,160
P012,Apparel,10,41.92,0.0,227
P012,Apparel,11,41.92,0.0,181
P012,Apparel,12,41.92,0.0,166
P012,Apparel,13,41.92,0.0,188
P012,Apparel,14,41.92,0.0,209
P012,Apparel,15,41.92,0.0,194
P012,Apparel,16,39.82,0.05,195
P012,Apparel,17,41.92,0.0,161
P012,Apparel,18,41.92,0.0,202
P012,Apparel,19,41.92,0.0,194
P012,Apparel,20,37.73,0.1,254
P012,Apparel,21,41.92,0.0,185
P012,Apparel,22,41.92,0.0,174
P012,Apparel,23,41.92,0.0,186
P012,Apparel,24,37.73,0.1,164
P012,Apparel,25,31.44,0.25,321
P012,Apparel,26,41.92,0.0,178
P012,Apparel,27,29.34,0.3,333
P012,Apparel,28,41.92,0.0,172
P012,Apparel,29,41.92,0.0,165
P012,Apparel,30,41.92,0.0,150
P012,Apparel,31,29.34,0.3,238
P012,Apparel,32,41.92,0.0,144
P012,Apparel,33,41.92,0.0,156
P012,Apparel,34,41.92,0.0,193
P012,Apparel,35,41.92,0.0,138
P012,Apparel,36,41.92,0.0,155
P012,Apparel,37,41.92,0.0,146
P012,Apparel,38,41.92,0.0,136
P012,Apparel,39,41.92,0.0,162
P012,Apparel,40,41.92,0.0,150
P012,Apparel,41,41.92,0.0,121
P012,Apparel,42,41.92,0.0,142
P012,Apparel,43,41.92,0.0,156
P012,Apparel,44,37.73,0.1,200
P012,Apparel,45,41.92,0.0,141
P012,Apparel,46,41.92,0.0,122
P012,Apparel,47,41.92,0.0,178
P012,Apparel,48,37.73,0.1,177
P012,Apparel,49,41.92,0.0,154
P012,Apparel,50,41.92,0.0,167
P012,Apparel,51,41.92,0.0,131
P012,Apparel,52,33.54,0.2,223
P012,Apparel,53,41.92,0.0,139
P012,Apparel,54,31.44,0.25,232
P012,Apparel,55,41.92,0.0,154
P012,Apparel,56,41.92,0.0,170
P012,Apparel,57,41.92,0.0,185
P012,Apparel,58,41.92,0.0,183
P012,Apparel,59,41.92,0.0,265
P012,Apparel,60,41.92,0.0,260
P012,Apparel,61,31.44,0.25,289
P012,Apparel,62,35.63,0.15,221
P012,Apparel,63,41.92,0.0,174
P012,Apparel,64,41.92,0.0,216
P012,Apparel,65,41.92,0.0,170
P012,Apparel,66,29.34,0.3,338
P012,Apparel,67,41.92,0.0,226
P012,Apparel,68,41.92,0.0,156
P012,Apparel,69,41.92,0.0,180
P012,Apparel,70,35.63,0.15,240
P012,Apparel,71,41.92,0.0,162
P012,Apparel,72,41.92,0.0,172
P012,Apparel,73,37.73,0.1,186
P012,Apparel,74,41.92,0.0,215
P012,Apparel,75,41.92,0.0,175
P012,Apparel,76,41.92,0.0,164
P012,Apparel,77,41.92,0.0,160
P012,Apparel,78,35.63,0.15,199
P013,Apparel,1,30.8,0.3,211
P013,Apparel,2,44.0,0.0,146
P013,Apparel,3,44.0,0.0,175
P013,Apparel,4,44.0,0.0,149
P013,Apparel,5,30.8,0.3,247
P013,Apparel,6,30.8,0.3,248
P013,Apparel,7,30.8,0.3,264
P013,Apparel,8,44.0,0.0,176
P013,Apparel,9,30.8,0.3,237
P013,Apparel,10,44.0,0.0,145
P013,Apparel,11,44.0,0.0,197
P013,Apparel,12,33.0,0.25,243
P013,Apparel,13,44.0,0.0,155
P013,Apparel,14,44.0,0.0,167
P013,Apparel,15,44.0,0.0,132
P013,Apparel,16,41.8,0.05,204
P013,Apparel,17,44.0,0.0,171
P013,Apparel,18,44.0,0.0,198
P013,Apparel,19,44.0,0.0,169
P013,Apparel,20,44.0,0.0,157
P013,Apparel,21,44.0,0.0,164
P013,Apparel,22,44.0,0.0,193
P013,Apparel,23,44.0,0.0,218
P013,Apparel,24,44.0,0.0,186
P013,Apparel,25,35.2,0.2,179
P013,Apparel,26,41.8,0.05,177
P013,Apparel,27,44.0,0.0,180
P013,Apparel,28,44.0,0.0,162
P013,Apparel,29,44.0,0.0,195
P013,Apparel,30,44.0,0.0,133
P013,Apparel,31,44.0,0.0,142
P013,Apparel,32,44.0,0.0,174
P013,Apparel,33,44.0,0.0,128
P013,Apparel,34,44.0,0.0,172
P013,Apparel,35,44.0,0.0,110
P013,Apparel,36,37.4,0.15,150
P013,Apparel,37,39.6,0.1,122
P013,Apparel,38,44.0,0.0,115
P013,Apparel,39,44.0,0.0,135
P013,Apparel,40,35.2,0.2,172
P013,Apparel,41,44.0,0.0,113
P013,Apparel,42,44.0,0.0,123
P013,Apparel,43,44.0,0.0,126
P013,Apparel,44,44.0,0.0,123
P013,Apparel,45,44.0,0.0,140
P013,Apparel,46,33.0,0.25,196
P013,Apparel,47,44.0,0.0,149
P013,Apparel,48,44.0,0.0,131
P013,Apparel,49,37.4,0.15,172
P013,Apparel,50,33.0,0.25,174
P013,Apparel,51,44.0,0.0,120
P013,Apparel,52,44.0,0.0,156
P013,Apparel,53,33.0,0.25,204
P013,Apparel,54,37.4,0.15,199
P013,Apparel,55,30.8,0.3,239
P013,Apparel,56,44.0,0.0,145
P013,Apparel,57,44.0,0.0,201
P013,Apparel,58,44.0,0.0,187
P013,Apparel,59,44.0,0.0,169
P013,Apparel,60,44.0,0.0,170
P013,Apparel,61,44.0,0.0,157
P013,Apparel,62,33.0,0.25,237
P013,Apparel,63,33.0,0.25,253
P013,Apparel,64,35.2,0.2,177
P013,Apparel,65,44.0,0.0,213
P013,Apparel,66,44.0,0.0,195
P013,Apparel,67,44.0,0.0,160
P013,Apparel,68,44.0,0.0,165
P013,Apparel,69,37.4,0.15,205
P013,Apparel,70,37.4,0.15,219
P013,Apparel,71,44.0,0.0,159
P013,Apparel,72,44.0,0.0,165
P013,Apparel,73,30.8,0.3,212
P013,Apparel,74,44.0,0.0,161
P013,Apparel,75,41.8,0.05,186
P013,Apparel,76,44.0,0.0,150
P013,Apparel,77,44.0,0.0,145
P013,Apparel,78,44.0,0.0,165
P014,Apparel,1,53.0,0.0,293
P014,Apparel,2,53.0,0.0,277
P014,Apparel,3,53.0,0.0,294
P014,Apparel,4,53.0,0.0,320
P014,Apparel,5,53.0,0.0,281
P014,Apparel,6,53.0,0.0,358
P014,Apparel,7,53.0,0.0,305
P014,Apparel,8,53.0,0.0,346
P014,Apparel,9,53.0,0.0,350
P014,Apparel,10,53.0,0.0,347
P014,Apparel,11,53.0,0.0,297
P014,Apparel,12,53.0,0.0,277
P014,Apparel,13,53.0,0.0,309
P014,Apparel,14,53.0,0.0,282
P014,Apparel,15,53.0,0.0,349
P014,Apparel,16,53.0,0.0,262
P014,Apparel,17,53.0,0.0,298
P014,Apparel,18,53.0,0.0,294
P014,Apparel,19,53.0,0.0,315
P014,Apparel,20,53.0,0.0,294
P014,Apparel,21,53.0,0.0,270
P014,Apparel,22,53.0,0.0,325
P014,Apparel,23,53.0,0.0,240
P014,Apparel,24,53.0,0.0,274
P014,Apparel,25,53.0,0.0,241
P014,Apparel,26,47.7,0.1,313
P014,Apparel,27,53.0,0.0,247
P014,Apparel,28,37.1,0.3,517
P014,Apparel,29,53.0,0.0,226
P014,Apparel,30,53.0,0.0,293
P014,Apparel,31,53.0,0.0,281
P014,Apparel,32,53.0,0.0,254
P014,Apparel,33,53.0,0.0,217
P014,Apparel,34,53.0,0.0,228
P014,Apparel,35,53.0,0.0,248
P014,Apparel,36,53.0,0.0,205
P014,Apparel,37,53.0,0.0,253
P014,Apparel,38,53.0,0.0,240
P014,Apparel,39,53.0,0.0,293
P014,Apparel,40,45.05,0.15,362
P014,Apparel,41,53.0,0.0,244
P014,Apparel,42,53.0,0.0,206
P014,Apparel,43,37.1,0.3,386
P014,Apparel,44,53.0,0.0,218
P014,Apparel,45,53.0,0.0,289
P014,Apparel,46,53.0,0.0,287
P014,Apparel,47,53.0,0.0,297
P014,Apparel,48,47.7,0.1,395
P014,Apparel,49,53.0,0.0,241
P014,Apparel,50,53.0,0.0,291
P014,Apparel,51,53.0,0.0,252
P014,Apparel,52,53.0,0.0,255
P014,Apparel,53,53.0,0.0,270
P014,Apparel,54,53.0,0.0,218
P014,Apparel,55,53.0,0.0,310
P014,Apparel,56,53.0,0.0,291
P014,Apparel,57,53.0,0.0,308
P014,Apparel,58,53.0,0.0,257
P014,Apparel,59,53.0,0.0,288
P014,Apparel,60,37.1,0.3,546
P014,Apparel,61,53.0,0.0,263
P014,Apparel,62,53.0,0.0,305
P014,Apparel,63,53.0,0.0,288
P014,Apparel,64,53.0,0.0,300
P014,Apparel,65,53.0,0.0,343
P014,Apparel,66,53.0,0.0,269
P014,Apparel,67,53.0,0.0,337
P014,Apparel,68,45.05,0.15,415
P014,Apparel,69,45.05,0.15,380
P014,Apparel,70,53.0,0.0,274
P014,Apparel,71,42.4,0.2,379
P014,Apparel,72,53.0,0.0,328
P014,Apparel,73,53.0,0.0,325
P014,Apparel,74,45.05,0.15,367
P014,Apparel,75,45.05,0.15,408
P014,Apparel,76,53.0,0.0,252
P014,Apparel,77,53.0,0.0,263
P014,Apparel,78,53.0,0.0,282
P015,Apparel,1,49.73,0.0,188
P015,Apparel,2,49.73,0.0,185
P015,Apparel,3,49.73,0.0,195
P015,Apparel,4,49.73,0.0,218
P015,Apparel,5,49.73,0.0,217
P015,Apparel,6,42.27,0.15,288
P015,Apparel,7,39.78,0.2,257
P015,Apparel,8,49.73,0.0,207
P015,Apparel,9,49.73,0.0,209
P015,Apparel,10,49.73,0.0,221
P015,Apparel,11,49.73,0.0,191
P015,Apparel,12,49.73,0.0,221
P015,Apparel,13,49.73,0.0,240
P015,Apparel,14,49.73,0.0,265
P015,Apparel,15,49.73,0.0,235
P015,Apparel,16,42.27,0.15,380
P015,Apparel,17,49.73,0.0,244
P015,Apparel,18,49.73,0.0,204
P015,Apparel,19,49.73,0.0,232
P015,Apparel,20,49.73,0.0,280
P015,Apparel,21,49.73,0.0,213
P015,Apparel,22,44.76,0.1,218
P015,Apparel,23,49.73,0.0,235
P015,Apparel,24,49.73,0.0,174
P015,Apparel,25,49.73,0.0,197
P015,Apparel,26,49.73,0.0,197
P015,Apparel,27,49.73,0.0,154
P015,Apparel,28,49.73,0.0,174
P015,Apparel,29,49.73,0.0,199
P015,Apparel,30,49.73,0.0,180
P015,Apparel,31,49.73,0.0,206
P015,Apparel,32,49.73,0.0,192
P015,Apparel,33,49.73,0.0,191
P015,Apparel,34,49.73,0.0,189
P015,Apparel,35,34.81,0.3,288
P015,Apparel,36,49.73,0.0,184
P015,Apparel,37,49.73,0.0,169
P015,Apparel,38,49.73,0.0,180
P015,Apparel,39,49.73,0.0,147
P015,Apparel,40,49.73,0.0,194
P015,Apparel,41,49.73,0.0,152
P015,Apparel,42,49.73,0.0,181
P015,Apparel,43,49.73,0.0,180
P015,Apparel,44,49.73,0.0,169
P015,Apparel,45,49.73,0.0,165
P015,Apparel,46,49.73,0.0,144
P015,Apparel,47,49.73,0.0,227
P015,Apparel,48,49.73,0.0,177
P015,Apparel,49,49.73,0.0,182
P015,Apparel,50,39.78,0.2,309
P015,Apparel,51,49.73,0.0,228
P015,Apparel,52,34.81,0.3,298
P015,Apparel,53,49.73,0.0,190
P015,Apparel,54,49.73,0.0,208
P015,Apparel,55,49.73,0.0,282
P015,Apparel,56,34.81,0.3,363
P015,Apparel,57,49.73,0.0,233
P015,Apparel,58,49.73,0.0,205
P015,Apparel,59,49.73,0.0,245
P015,Apparel,60,34.81,0.3,409
P015,Apparel,61,49.73,0.0,242
P015,Apparel,62,49.73,0.0,255
P015,Apparel,63,49.73,0.0,236
P015,Apparel,64,49.73,0.0,277
P015,Apparel,65,39.78,0.2,376
P015,Apparel,66,49.73,0.0,252
P015,Apparel,67,49.73,0.0,261
P015,Apparel,68,39.78,0.2,327
P015,Apparel,69,49.73,0.0,213
P015,Apparel,70,47.24,0.05,251
P015,Apparel,71,42.27,0.15,305
P015,Apparel,72,49.73,0.0,216
P015,Apparel,73,49.73,0.0,287
P015,Apparel,74,37.3,0.25,447
P015,Apparel,75,49.73,0.0,204
P015,Apparel,76,49.73,0.0,203
P015,Apparel,77,34.81,0.3,383
P015,Apparel,78,49.73,0.0,227
P016,HomeGoods,1,32.22,0.0,314
P016,HomeGoods,2,32.22,0.0,313
P016,HomeGoods,3,32.22,0.0,246
P016,HomeGoods,4,32.22,0.0,387
P016,HomeGoods,5,27.39,0.15,340
P016,HomeGoods,6,32.22,0.0,303
P016,HomeGoods,7,32.22,0.0,310
P016,HomeGoods,8,22.55,0.3,569
P016,HomeGoods,9,32.22,0.0,354
P016,HomeGoods,10,25.78,0.2,468
P016,HomeGoods,11,32.22,0.0,438
P016,HomeGoods,12,32.22,0.0,377
P016,HomeGoods,13,32.22,0.0,386
P016,HomeGoods,14,32.22,0.0,381
P016,HomeGoods,15,32.22,0.0,492
P016,HomeGoods,16,32.22,0.0,329
P016,HomeGoods,17,24.16,0.25,369
P016,HomeGoods,18,25.78,0.2,429
P016,HomeGoods,19,32.22,0.0,339
P016,HomeGoods,20,27.39,0.15,367
P016,HomeGoods,21,30.61,0.05,384
P016,HomeGoods,22,32.22,0.0,313
P016,HomeGoods,23,32.22,0.0,325
P016,HomeGoods,24,32.22,0.0,278
P016,HomeGoods,25,32.22,0.0,290
P016,HomeGoods,26,30.61,0.05,311
P016,HomeGoods,27,32.22,0.0,319
P016,HomeGoods,28,32.22,0.0,362
P016,HomeGoods,29,32.22,0.0,248
P016,HomeGoods,30,32.22,0.0,239
P016,HomeGoods,31,22.55,0.3,273
P016,HomeGoods,32,29.0,0.1,331
P016,HomeGoods,33,25.78,0.2,358
P016,HomeGoods,34,22.55,0.3,384
P016,HomeGoods,35,32.22,0.0,263
P016,HomeGoods,36,32.22,0.0,247
P016,HomeGoods,37,32.22,0.0,303
P016,HomeGoods,38,32.22,0.0,333
P016,HomeGoods,39,32.22,0.0,254
P016,HomeGoods,40,27.39,0.15,269
P016,HomeGoods,41,32.22,0.0,312
P016,HomeGoods,42,32.22,0.0,308
P016,HomeGoods,43,32.22,0.0,237
P016,HomeGoods,44,32.22,0.0,258
P016,HomeGoods,45,32.22,0.0,229
P016,HomeGoods,46,24.16,0.25,329
P016,HomeGoods,47,29.0,0.1,291
P016,HomeGoods,48,32.22,0.0,290
P016,HomeGoods,49,32.22,0.0,284
P016,HomeGoods,50,30.61,0.05,339
P016,HomeGoods,51,25.78,0.2,283
P016,HomeGoods,52,30.61,0.05,373
P016,HomeGoods,53,32.22,0.0,354
P016,HomeGoods,54,32.22,0.0,275
P016,HomeGoods,55,32.22,0.0,263
P016,HomeGoods,56,32.22,0.0,347
P016,HomeGoods,57,27.39,0.15,410
P016,HomeGoods,58,29.0,0.1,396
P016,HomeGoods,59,32.22,0.0,444
P016,HomeGoods,60,25.78,0.2,378
P016,HomeGoods,61,32.22,0.0,344
P016,HomeGoods,62,25.78,0.2,361
P016,HomeGoods,63,29.0,0.1,351
P016,HomeGoods,64,32.22,0.0,424
P016,HomeGoods,65,27.39,0.15,346
P016,HomeGoods,66,32.22,0.0,322
P016,HomeGoods,67,24.16,0.25,428
P016,HomeGoods,68,25.78,0.2,370
P016,HomeGoods,69,24.16,0.25,370
P016,HomeGoods,70,32.22,0.0,412
P016,HomeGoods,71,32.22,0.0,403
P016,HomeGoods,72,32.22,0.0,335
P016,HomeGoods,73,32.22,0.0,371
P016,HomeGoods,74,25.78,0.2,417
P016,HomeGoods,75,32.22,0.0,342
P016,HomeGoods,76,32.22,0.0,312
P016,HomeGoods,77,29.0,0.1,375
P016,HomeGoods,78,32.22,0.0,279
P017,HomeGoods,1,33.65,0.0,95
P017,HomeGoods,2,30.29,0.1,99
P017,HomeGoods,3,33.65,0.0,82
P017,HomeGoods,4,23.55,0.3,138
P017,HomeGoods,5,33.65,0.0,98
P017,HomeGoods,6,33.65,0.0,108
P017,HomeGoods,7,33.65,0.0,94
P017,HomeGoods,8,33.65,0.0,84
P017,HomeGoods,9,33.65,0.0,110
P017,HomeGoods,10,33.65,0.0,107
P017,HomeGoods,11,33.65,0.0,108
P017,HomeGoods,12,33.65,0.0,111
P017,HomeGoods,13,33.65,0.0,77
P017,HomeGoods,14,28.6,0.15,111
P017,HomeGoods,15,33.65,0.0,108
P017,HomeGoods,16,33.65,0.0,100
P017,HomeGoods,17,33.65,0.0,99
P017,HomeGoods,18,28.6,0.15,100
P017,HomeGoods,19,23.55,0.3,134
P017,HomeGoods,20,33.65,0.0,113
P017,HomeGoods,21,33.65,0.0,97
P017,HomeGoods,22,26.92,0.2,168
P017,HomeGoods,23,33.65,0.0,84
P017,HomeGoods,24,31.97,0.05,94
P017,HomeGoods,25,33.65,0.0,95
P017,HomeGoods,26,33.65,0.0,93
P017,HomeGoods,27,33.65,0.0,105
P017,HomeGoods,28,33.65,0.0,104
P017,HomeGoods,29,33.65,0.0,79
P017,HomeGoods,30,33.65,0.0,76
P017,HomeGoods,31,33.65,0.0,88
P017,HomeGoods,32,33.65,0.0,83
P017,HomeGoods,33,33.65,0.0,98
P017,HomeGoods,34,33.65,0.0,97
P017,HomeGoods,35,33.65,0.0,91
P017,HomeGoods,36,25.24,0.25,102
P017,HomeGoods,37,33.65,0.0,77
P017,HomeGoods,38,33.65,0.0,68
P017,HomeGoods,39,33.65,0.0,66
P017,HomeGoods,40,33.65,0.0,96
P017,HomeGoods,41,33.65,0.0,86
P017,HomeGoods,42,33.65,0.0,89
P017,HomeGoods,43,33.65,0.0,61
P017,HomeGoods,44,33.65,0.0,79
P017,HomeGoods,45,26.92,0.2,100
P017,HomeGoods,46,33.65,0.0,86
P017,HomeGoods,47,33.65,0.0,71
P017,HomeGoods,48,33.65,0.0,71
P017,HomeGoods,49,33.65,0.0,86
P017,HomeGoods,50,33.65,0.0,77
P017,HomeGoods,51,33.65,0.0,98
P017,HomeGoods,52,33.65,0.0,82
P017,HomeGoods,53,28.6,0.15,100
P017,HomeGoods,54,33.65,0.0,90
P017,HomeGoods,55,33.65,0.0,98
P017,HomeGoods,56,33.65,0.0,84
P017,HomeGoods,57,33.65,0.0,98
P017,HomeGoods,58,30.29,0.1,114
P017,HomeGoods,59,33.65,0.0,111
P017,HomeGoods,60,30.29,0.1,86
P017,HomeGoods,61,33.65,0.0,115
P017,HomeGoods,62,33.65,0.0,102
P017,HomeGoods,63,33.65,0.0,108
P017,HomeGoods,64,33.65,0.0,113
P017,HomeGoods,65,33.65,0.0,95
P017,HomeGoods,66,33.65,0.0,119
P017,HomeGoods,67,33.65,0.0,99
P017,HomeGoods,68,33.65,0.0,102
P017,HomeGoods,69,33.65,0.0,117
P017,HomeGoods,70,33.65,0.0,77
P017,HomeGoods,71,31.97,0.05,114
P017,HomeGoods,72,25.24,0.25,132
P017,HomeGoods,73,33.65,0.0,92
P017,HomeGoods,74,33.65,0.0,114
P017,HomeGoods,75,33.65,0.0,106
P017,HomeGoods,76,33.65,0.0,116
P017,HomeGoods,77,30.29,0.1,81
P017,HomeGoods,78,33.65,0.0,80
P018,HomeGoods,1,28.31,0.0,464
P018,HomeGoods,2,28.31,0.0,308
P018,HomeGoods,3,28.31,0.0,379
P018,HomeGoods,4,28.31,0.0,416
P018,HomeGoods,5,25.48,0.1,447
P018,HomeGoods,6,28.31,0.0,366
P018,HomeGoods,7,28.31,0.0,390
P018,HomeGoods,8,28.31,0.0,507
P018,HomeGoods,9,28.31,0.0,397
P018,HomeGoods,10,28.31,0.0,405
P018,HomeGoods,11,28.31,0.0,381
P018,HomeGoods,12,28.31,0.0,505
P018,HomeGoods,13,26.89,0.05,615
P018,HomeGoods,14,28.31,0.0,404
P018,HomeGoods,15,28.31,0.0,457
P018,HomeGoods,16,28.31,0.0,439
P018,HomeGoods,17,28.31,0.0,477
P018,HomeGoods,18,28.31,0.0,429
P018,HomeGoods,19,28.31,0.0,490
P018,HomeGoods,20,24.06,0.15,583
P018,HomeGoods,21,26.89,0.05,479
P018,HomeGoods,22,28.31,0.0,354
P018,HomeGoods,23,28.31,0.0,444
P018,HomeGoods,24,28.31,0.0,405
P018,HomeGoods,25,28.31,0.0,414
P018,HomeGoods,26,22.65,0.2,401
P018,HomeGoods,27,28.31,0.0,488
P018,HomeGoods,28,28.31,0.0,357
P018,HomeGoods,29,28.31,0.0,349
P018,HomeGoods,30,28.31,0.0,356
P018,HomeGoods,31,28.31,0.0,320
P018,HomeGoods,32,26.89,0.05,318
P018,HomeGoods,33,28.31,0.0,354
P018,HomeGoods,34,28.31,0.0,343
P018,HomeGoods,35,24.06,0.15,418
P018,HomeGoods,36,28.31,0.0,370
P018,HomeGoods,37,28.31,0.0,346
P018,HomeGoods,38,28.31,0.0,320
P018,HomeGoods,39,28.31,0.0,319
P018,HomeGoods,40,28.31,0.0,330
P018,HomeGoods,41,22.65,0.2,421
P018,HomeGoods,42,25.48,0.1,383
P018,HomeGoods,43,28.31,0.0,256
P018,HomeGoods,44,28.31,0.0,305
P018,HomeGoods,45,28.31,0.0,332
P018,HomeGoods,46,28.31,0.0,359
P018,HomeGoods,47,28.31,0.0,332
P018,HomeGoods,48,26.89,0.05,369
P018,HomeGoods,49,28.31,0.0,327
P018,HomeGoods,50,26.89,0.05,331
P018,HomeGoods,51,19.82,0.3,514
P018,HomeGoods,52,28.31,0.0,393
P018,HomeGoods,53,28.31,0.0,342
P018,HomeGoods,54,28.31,0.0,423
P018,HomeGoods,55,21.23,0.25,480
P018,HomeGoods,56,28.31,0.0,434
P018,HomeGoods,57,26.89,0.05,426
P018,HomeGoods,58,24.06,0.15,557
P018,HomeGoods,59,28.31,0.0,470
P018,HomeGoods,60,19.82,0.3,703
P018,HomeGoods,61,28.31,0.0,317
P018,HomeGoods,62,28.31,0.0,402
P018,HomeGoods,63,28.31,0.0,495
P018,HomeGoods,64,28.31,0.0,366
P018,HomeGoods,65,28.31,0.0,485
P018,HomeGoods,66,28.31,0.0,401
P018,HomeGoods,67,28.31,0.0,556
P018,HomeGoods,68,28.31,0.0,500
P018,HomeGoods,69,28.31,0.0,523
P018,HomeGoods,70,28.31,0.0,384
P018,HomeGoods,71,28.31,0.0,500
P018,HomeGoods,72,25.48,0.1,544
P018,HomeGoods,73,28.31,0.0,431
P018,HomeGoods,74,28.31,0.0,392
P018,HomeGoods,75,28.31,0.0,280
P018,HomeGoods,76,28.31,0.0,474
P018,HomeGoods,77,28.31,0.0,391
P018,HomeGoods,78,28.31,0.0,506
P019,HomeGoods,1,23.04,0.2,212
P019,HomeGoods,2,28.8,0.0,200
P019,HomeGoods,3,28.8,0.0,218
P019,HomeGoods,4,28.8,0.0,216
P019,HomeGoods,5,28.8,0.0,224
P019,HomeGoods,6,21.6,0.25,263
P019,HomeGoods,7,28.8,0.0,232
P019,HomeGoods,8,28.8,0.0,174
P019,HomeGoods,9,28.8,0.0,253
P019,HomeGoods,10,28.8,0.0,250
P019,HomeGoods,11,28.8,0.0,215
P019,HomeGoods,12,28.8,0.0,254
P019,HomeGoods,13,28.8,0.0,263
P019,HomeGoods,14,21.6,0.25,305
P019,HomeGoods,15,28.8,0.0,217
P019,HomeGoods,16,28.8,0.0,256
P019,HomeGoods,17,28.8,0.0,271
P019,HomeGoods,18,28.8,0.0,246
P019,HomeGoods,19,28.8,0.0,209
P019,HomeGoods,20,28.8,0.0,277
P019,HomeGoods,21,28.8,0.0,256
P019,HomeGoods,22,28.8,0.0,195
P019,HomeGoods,23,24.48,0.15,284
P019,HomeGoods,24,28.8,0.0,213
P019,HomeGoods,25,28.8,0.0,184
P019,HomeGoods,26,25.92,0.1,248
P019,HomeGoods,27,28.8,0.0,184
P019,HomeGoods,28,28.8,0.0,219
P019,HomeGoods,29,28.8,0.0,243
P019,HomeGoods,30,20.16,0.3,275
P019,HomeGoods,31,28.8,0.0,225
P019,HomeGoods,32,28.8,0.0,226
P019,HomeGoods,33,25.92,0.1,214
P019,HomeGoods,34,27.36,0.05,181
P019,HomeGoods,35,28.8,0.0,215
P019,HomeGoods,36,28.8,0.0,165
P019,HomeGoods,37,28.8,0.0,151
P019,HomeGoods,38,27.36,0.05,185
P019,HomeGoods,39,23.04,0.2,198
P019,HomeGoods,40,28.8,0.0,171
P019,HomeGoods,41,28.8,0.0,171
P019,HomeGoods,42,28.8,0.0,189
P019,HomeGoods,43,28.8,0.0,173
P019,HomeGoods,44,28.8,0.0,165
P019,HomeGoods,45,21.6,0.25,230
P019,HomeGoods,46,25.92,0.1,184
P019,HomeGoods,47,28.8,0.0,184
P019,HomeGoods,48,20.16,0.3,280
P019,HomeGoods,49,25.92,0.1,189
P019,HomeGoods,50,24.48,0.15,194
P019,HomeGoods,51,28.8,0.0,238
P019,HomeGoods,52,28.8,0.0,190
P019,HomeGoods,53,28.8,0.0,249
P019,HomeGoods,54,28.8,0.0,182
P019,HomeGoods,55,24.48,0.15,219
P019,HomeGoods,56,28.8,0.0,178
P019,HomeGoods,57,21.6,0.25,376
P019,HomeGoods,58,28.8,0.0,225
P019,HomeGoods,59,28.8,0.0,210
P019,HomeGoods,60,28.8,0.0,219
P019,HomeGoods,61,28.8,0.0,222
P019,HomeGoods,62,28.8,0.0,256
P019,HomeGoods,63,28.8,0.0,202
P019,HomeGoods,64,28.8,0.0,187
P019,HomeGoods,65,21.6,0.25,305
P019,HomeGoods,66,28.8,0.0,186
P019,HomeGoods,67,28.8,0.0,208
P019,HomeGoods,68,28.8,0.0,215
P019,HomeGoods,69,28.8,0.0,188
P019,HomeGoods,70,28.8,0.0,167
P019,HomeGoods,71,28.8,0.0,228
P019,HomeGoods,72,28.8,0.0,236
P019,HomeGoods,73,28.8,0.0,245
P019,HomeGoods,74,21.6,0.25,334
P019,HomeGoods,75,28.8,0.0,167
P019,HomeGoods,76,28.8,0.0,228
P019,HomeGoods,77,28.8,0.0,233
P019,HomeGoods,78,28.8,0.0,245
P020,HomeGoods,1,30.32,0.0,131
P020,HomeGoods,2,30.32,0.0,168
P020,HomeGoods,3,30.32,0.0,211
P020,HomeGoods,4,30.32,0.0,144
P020,HomeGoods,5,30.32,0.0,173
P020,HomeGoods,6,30.32,0.0,188
P020,HomeGoods,7,30.32,0.0,192
P020,HomeGoods,8,30.32,0.0,165
P020,HomeGoods,9,30.32,0.0,185
P020,HomeGoods,10,30.32,0.0,186
P020,HomeGoods,11,30.32,0.0,166
P020,HomeGoods,12,28.8,0.05,174
P020,HomeGoods,13,30.32,0.0,171
P020,HomeGoods,14,27.29,0.1,214
P020,HomeGoods,15,27.29,0.1,164
P020,HomeGoods,16,30.32,0.0,247
P020,HomeGoods,17,30.32,0.0,212
P020,HomeGoods,18,28.8,0.05,227
P020,HomeGoods,19,30.32,0.0,171
P020,HomeGoods,20,30.32,0.0,168
P020,HomeGoods,21,25.77,0.15,208
P020,HomeGoods,22,30.32,0.0,211
P020,HomeGoods,23,28.8,0.05,193
P020,HomeGoods,24,30.32,0.0,184
P020,HomeGoods,25,30.32,0.0,163
P020,HomeGoods,26,30.32,0.0,162
P020,HomeGoods,27,30.32,0.0,202
P020,HomeGoods,28,30.32,0.0,144
P020,HomeGoods,29,30.32,0.0,155
P020,HomeGoods,30,30.32,0.0,151
P020,HomeGoods,31,25.77,0.15,163
P020,HomeGoods,32,30.32,0.0,154
P020,HomeGoods,33,30.32,0.0,149
P020,HomeGoods,34,30.32,0.0,144
P020,HomeGoods,35,30.32,0.0,121
P020,HomeGoods,36,30.32,0.0,137
P020,HomeGoods,37,30.32,0.0,180
P020,HomeGoods,38,30.32,0.0,185
P020,HomeGoods,39,30.32,0.0,156
P020,HomeGoods,40,30.32,0.0,171
P020,HomeGoods,41,27.29,0.1,147
P020,HomeGoods,42,30.32,0.0,129
P020,HomeGoods,43,30.32,0.0,146
P020,HomeGoods,44,30.32,0.0,154
P020,HomeGoods,45,21.22,0.3,182
P020,HomeGoods,46,28.8,0.05,171
P020,HomeGoods,47,30.32,0.0,142
P020,HomeGoods,48,30.32,0.0,143
P020,HomeGoods,49,30.32,0.0,133
P020,HomeGoods,50,30.32,0.0,167
P020,HomeGoods,51,21.22,0.3,198
P020,HomeGoods,52,30.32,0.0,154
P020,HomeGoods,53,22.74,0.25,192
P020,HomeGoods,54,28.8,0.05,198
P020,HomeGoods,55,30.32,0.0,153
P020,HomeGoods,56,30.32,0.0,157
P020,HomeGoods,57,30.32,0.0,145
P020,HomeGoods,58,30.32,0.0,152
P020,HomeGoods,59,30.32,0.0,162
P020,HomeGoods,60,22.74,0.25,242
P020,HomeGoods,61,30.32,0.0,193
P020,HomeGoods,62,30.32,0.0,238
P020,HomeGoods,63,21.22,0.3,250
P020,HomeGoods,64,30.32,0.0,190
P020,HomeGoods,65,30.32,0.0,225
P020,HomeGoods,66,21.22,0.3,225
P020,HomeGoods,67,25.77,0.15,192
P020,HomeGoods,68,30.32,0.0,166
P020,HomeGoods,69,30.32,0.0,225
P020,HomeGoods,70,30.32,0.0,194
P020,HomeGoods,71,30.32,0.0,160
P020,HomeGoods,72,30.32,0.0,204
P020,HomeGoods,73,28.8,0.05,195
P020,HomeGoods,74,30.32,0.0,174
P020,HomeGoods,75,30.32,0.0,216
P020,HomeGoods,76,30.32,0.0,139
P020,HomeGoods,77,30.32,0.0,153
P020,HomeGoods,78,24.26,0.2,206
